RegionID,SizeRank,RegionName,RegionType,StateName,1/31/2020,2/29/2020,3/31/2020,4/30/2020,5/31/2020,6/30/2020,7/31/2020,8/31/2020,9/30/2020,10/31/2020,11/30/2020,12/31/2020,1/31/2021,2/28/2021,3/31/2021,4/30/2021,5/31/2021,6/30/2021,7/31/2021,8/31/2021,9/30/2021,10/31/2021,11/30/2021,12/31/2021,1/31/2022,2/28/2022,3/31/2022,4/30/2022,5/31/2022,6/30/2022,7/31/2022,8/31/2022,9/30/2022,10/31/2022,11/30/2022,12/31/2022,1/31/2023,2/28/2023,3/31/2023,4/30/2023,5/31/2023,6/30/2023,7/31/2023,8/31/2023,9/30/2023,10/31/2023,11/30/2023,12/31/2023,1/31/2024,2/29/2024
102001,0,United States,country,US,243621.61,245104.46,246647.10,247967.98,248711.48,249130.04,249801.40,251410.29,254173.57,257548.91,261366.31,265086.83,268665.11,272322.87,276140.88,280316.56,284948.88,289930.83,294402.68,297580.57,299520.17,301421.20,303998.38,307174.58,311544.30,316777.90,322931.24,329081.20,334576.82,339170.52,341584.58,341952.05,340697.43,339490.99,338500.44,337600.78,336421.77,335560.11,335499.20,336454.29,338064.44,339983.43,341714.50,343320.86,344534.47,345442.62,346085.97,346512.92,346937.80,347716.40
394913,1,"New York, NY",msa,NY,495913.54,498129.64,500678.58,502996.13,504832.92,505170.31,504264.72,503587.67,505242.19,508908.29,514215.83,520447.22,526377.87,532577.71,538333.06,544101.50,549663.46,554651.57,558810.34,561313.22,562841.19,564996.95,568455.84,572355.90,576501.97,581066.27,587288.69,593835.61,600441.80,606485.84,610332.09,611047.28,608564.38,606024.05,604018.95,602603.06,601790.74,600445.36,600758.07,602748.97,606745.12,610879.61,614451.35,617722.77,620426.48,622753.72,625046.49,627786.76,630647.13,634651.29
753899,2,"Los Angeles, CA",msa,CA,679119.31,680677.33,681457.17,682438.90,681482.75,678606.82,678285.03,683415.48,694413.83,707580.08,722160.66,736071.01,745439.28,751283.85,754532.05,761463.26,771290.29,783433.91,795364.68,804493.01,811567.55,818402.04,826898.59,837107.30,849380.19,863899.05,880218.10,895020.55,906656.82,913216.94,915078.17,911947.30,906181.90,900821.46,897009.45,893828.16,885384.47,874288.35,864349.47,861930.40,865780.17,873714.46,885120.40,898920.60,912854.60,924447.81,933172.34,938650.92,938807.28,935800.63
394463,3,"Chicago, IL",msa,IL,233477.14,234792.15,236171.83,237033.77,237125.43,236673.39,236206.73,236527.15,238069.11,240466.54,243436.51,246390.01,249324.79,252513.50,255826.90,259007.56,261924.86,264735.72,267082.54,268456.80,268714.72,268856.78,269513.92,270958.32,273524.89,277263.52,281925.38,286435.54,289580.60,291705.46,292221.18,291617.08,289972.68,288650.24,287894.04,287482.30,286885.94,286735.49,287367.70,289026.74,291175.59,293687.07,296179.31,298585.66,300379.19,301714.52,302609.39,303230.29,303876.12,305231.33
394514,4,"Dallas, TX",msa,TX,255850.40,257384.25,258842.75,259610.51,259601.29,259387.97,259744.03,261152.88,263599.06,266651.03,270221.29,273828.76,277643.78,281679.90,286178.42,291151.00,296880.22,302877.73,308311.80,312523.29,315818.28,319323.61,323648.85,328613.57,335512.80,343794.25,353191.90,362475.92,370880.03,378084.25,382041.36,382698.41,381013.60,378970.29,377074.49,375101.63,372559.56,370293.41,368756.17,368204.43,368490.45,369308.97,370286.44,371208.79,371624.03,371738.58,371599.79,371273.69,371295.35,371776.65
394692,5,"Houston, TX",msa,TX,221392.86,222228.73,223029.19,223525.41,223523.90,223482.52,223876.59,225025.67,226771.77,228911.87,231516.91,234136.71,236861.81,239610.23,242660.77,245961.19,249787.44,253978.78,257849.11,260845.87,263094.29,265580.33,268712.67,272242.31,276765.34,281885.58,287855.30,293588.50,298836.91,303313.47,306328.34,307630.15,307544.41,307024.10,306399.58,305224.45,303461.42,301787.50,300640.50,300192.77,300347.41,301151.11,302072.64,302946.55,303302.70,303328.29,303044.44,302632.63,302626.65,303001.59
395209,6,"Washington, DC",msa,VA,432903.83,435646.64,438440.22,440760.70,441909.07,442149.29,442639.11,444793.27,448992.58,454382.69,460320.85,465957.63,471054.62,476295.54,482102.34,488621.58,495233.96,501006.07,504533.96,505765.75,505193.00,505064.00,505864.22,508021.96,511970.22,517950.45,525917.51,533783.52,540296.73,543956.62,543913.92,540716.26,536137.47,533006.84,531310.19,530646.99,529873.55,529608.33,529741.03,531270.63,533832.95,537479.44,540848.96,543583.68,545322.63,546461.48,547119.46,547680.81,548102.42,549546.68
394974,7,"Philadelphia, PA",msa,PA,246995.50,248760.35,250890.52,252906.02,254115.45,254574.15,254903.72,255953.91,258226.68,261417.15,265473.06,269690.03,273621.61,277410.25,281145.31,284853.89,288534.62,292140.67,294811.34,296036.15,295646.09,295362.37,295790.57,297361.71,300463.78,304737.39,309977.56,315139.34,319770.03,323452.36,325089.54,324975.62,323916.60,323532.05,323697.42,323998.33,324009.03,324146.68,325104.34,327009.56,329818.00,332754.46,335614.29,338239.86,340486.61,342155.61,343501.76,344660.52,345845.37,347370.64
394856,8,"Miami, FL",msa,FL,296853.91,299021.49,300890.66,301834.34,301752.75,301303.69,301367.34,302717.11,305236.14,308373.16,312221.27,316168.29,320185.34,324010.42,327954.46,332162.80,337198.42,343139.75,349221.16,354530.24,358864.92,363030.95,367922.59,373526.29,381038.50,389857.23,400312.88,411122.72,421388.16,430618.61,437400.10,441563.29,443150.95,444026.93,444908.53,446059.60,446603.27,446851.85,447435.52,448982.06,451513.72,455046.11,458700.47,462356.75,465265.87,468100.80,470973.98,473633.94,475997.90,477916.59
394347,9,"Atlanta, GA",msa,GA,243295.30,245098.78,246719.41,247846.81,248229.01,248424.14,249055.96,250767.75,253549.76,257101.16,261190.06,265351.53,269597.18,274088.25,278871.15,283835.71,289206.49,294973.66,300343.68,304775.46,308545.66,312880.55,318149.98,324088.90,331340.31,339183.57,347550.78,355313.77,362139.55,367687.96,370767.54,371535.02,370493.67,369179.83,367798.05,366251.23,364560.75,363295.76,362971.34,363371.97,364627.48,366338.28,368283.52,370139.81,371730.67,372987.54,373928.20,374598.04,375141.86,376063.36
394404,10,"Boston, MA",msa,MA,483732.79,486493.02,490010.94,492979.36,494788.19,495622.22,496475.99,499081.01,504096.94,510786.38,518473.25,526091.58,532920.43,539704.48,546611.47,554193.59,562072.20,569315.80,574022.71,575209.40,574092.46,573378.81,574198.32,576336.72,581685.31,590212.83,601879.23,613053.73,622682.33,629520.53,632062.22,629901.09,624514.27,620066.36,617594.53,616873.61,615642.18,614503.77,614710.73,618183.42,623997.77,630758.06,637295.11,643638.90,649201.23,653757.36,657164.66,659884.85,661841.53,664491.26
394976,11,"Phoenix, AZ",msa,AZ,292448.09,295631.57,299326.40,302625.26,304892.83,306376.41,307987.40,310777.84,315245.28,320592.14,326458.26,332166.22,337833.05,343841.02,351025.70,359427.84,369501.60,380529.63,391489.73,401150.59,409255.89,416500.66,423363.97,429741.11,436499.64,444242.85,453834.36,464447.94,474899.81,483482.33,487682.64,486343.20,480146.53,472411.00,464083.78,455916.36,447969.97,441801.19,438232.54,436886.73,437310.07,438983.10,441507.30,444336.88,446731.50,448784.31,450396.79,451212.45,451577.16,452155.51
395057,12,"San Francisco, CA",msa,CA,944850.38,949318.10,955344.45,960522.64,960273.64,955744.47,952149.16,954781.66,963700.46,975497.21,989551.82,1003448.44,1016760.43,1029311.62,1043232.57,1060247.31,1079618.81,1099143.27,1115125.92,1123433.18,1126033.34,1127866.05,1133693.25,1142591.97,1159335.51,1184950.07,1217355.74,1243856.54,1258734.97,1259653.45,1246795.38,1222743.44,1194465.52,1171523.89,1154848.60,1142330.21,1127869.87,1115566.80,1106612.59,1104778.68,1106994.43,1111962.87,1118921.97,1126878.03,1134475.79,1139750.30,1141216.51,1139197.38,1134724.46,1132271.26
395025,13,"Riverside, CA",msa,CA,381563.47,383293.49,384787.62,385951.84,386351.56,386170.02,386669.23,388994.05,393849.11,400513.97,408700.66,417273.81,424937.50,432028.83,438960.54,447164.48,456615.14,466472.04,475728.17,483356.47,489662.49,495601.94,502003.80,509089.50,517494.15,527102.61,538153.19,549042.92,558419.61,565016.15,567678.66,566351.34,562386.43,558766.87,555808.67,553149.24,548663.42,544001.25,540447.61,539499.76,540790.24,543515.39,547127.05,551233.47,555243.12,559287.60,562752.90,565894.84,567862.20,569208.49
394532,14,"Detroit, MI",msa,MI,177464.05,178488.38,179730.03,180859.92,181355.35,181524.69,181720.46,182491.89,184112.23,186326.94,189118.72,191929.47,194795.57,197862.05,201149.79,204581.51,207980.02,211263.76,213549.18,214451.74,214107.81,213605.01,213530.39,213968.25,215752.34,218792.12,222920.32,226969.54,230306.22,232765.16,233553.40,232868.82,231278.93,230082.03,229239.21,228642.05,227966.92,227844.19,228244.07,229307.89,230782.39,232506.43,234098.01,235529.97,236660.03,237683.54,238450.56,238977.23,239470.24,240536.08
395078,15,"Seattle, WA",msa,WA,514112.41,518622.61,523962.67,529656.33,532942.85,534235.54,534966.66,538335.41,545178.78,554000.08,564061.39,573454.24,582471.03,591892.47,602953.68,616227.67,630471.22,643553.44,652953.19,657420.15,658944.32,660415.49,664330.18,671257.34,684271.00,702381.63,724960.29,745963.61,761119.17,766502.10,760622.34,747321.99,731765.99,720554.17,713799.06,709464.80,703631.62,698104.80,693506.75,691737.00,692088.53,694776.76,698993.11,704028.57,708505.21,712074.14,714376.41,715834.85,716988.13,719217.42
394865,16,"Minneapolis, MN",msa,MN,289517.61,291691.66,294027.12,296043.92,296986.90,296985.75,296648.09,297243.24,299369.31,302710.24,306623.34,310612.24,314328.78,318263.04,322312.14,326696.18,331373.14,336069.38,339963.18,342037.13,342417.62,342370.54,343040.36,344490.29,347294.26,351105.55,356057.10,361086.20,365322.04,368150.92,368323.47,366434.71,363405.26,361409.13,360190.29,359240.90,357870.07,356971.12,356823.78,357646.06,358943.30,360663.61,362238.76,363503.16,364153.73,364097.22,363674.18,363097.89,362740.13,363017.30
395056,17,"San Diego, CA",msa,CA,611096.40,615336.73,619977.27,624747.85,627152.79,627411.06,627217.64,629739.01,636266.06,645400.16,656991.47,669004.33,680676.49,691694.34,703299.20,716985.69,732864.44,748996.12,762022.13,769144.89,771847.02,774227.27,779468.34,787836.94,803087.76,825126.66,852848.89,878133.73,896721.28,906909.69,907238.73,899086.58,885716.61,873698.42,864571.11,857831.64,850600.42,845407.90,843593.20,846770.03,853565.44,863078.80,874505.00,886457.82,898006.57,907481.55,914002.21,917442.89,919751.53,924365.14
395148,18,"Tampa, FL",msa,FL,230105.43,232203.68,234100.31,235154.25,235634.91,236066.29,236966.98,238752.00,241410.68,244474.83,248095.84,251746.00,255725.07,259979.41,264694.22,269698.16,275252.90,281649.24,288292.51,294185.57,299026.23,303520.01,308637.06,314130.43,321062.32,329064.09,338582.35,348807.03,358828.56,367800.78,373869.53,376764.23,376643.41,375131.13,372882.55,370282.92,367543.80,365442.70,364441.46,364320.35,365005.54,366529.68,368272.86,370030.44,371194.35,372300.20,373110.53,373925.16,374592.84,375561.92
394530,19,"Denver, CO",msa,CO,432307.48,435057.80,438381.15,441632.36,443021.01,443017.43,442878.70,444580.58,448645.77,454275.80,460702.08,466853.90,472639.31,479327.90,487881.12,498010.77,508799.18,519051.94,527000.73,531958.48,534471.57,537225.21,541455.55,547013.27,555256.34,566583.56,580674.03,594233.40,604671.86,610416.03,610021.56,604636.31,596864.73,590663.91,586028.33,582164.08,577955.45,574320.45,571374.49,569875.81,570035.74,571867.03,574419.25,577085.30,579395.04,581154.37,581833.20,581936.84,581471.10,581367.25
394358,20,"Baltimore, MD",msa,MD,292453.88,293854.65,295344.60,296746.75,297268.44,297110.26,297099.00,298199.77,300681.33,303924.39,307744.16,311415.05,314814.96,318445.86,322440.53,326726.96,330898.23,334613.52,337229.75,338460.63,338446.55,338571.27,339379.12,341201.35,344022.25,347379.97,351293.07,355210.57,358921.01,361736.29,362508.38,361399.11,359293.58,358048.67,357479.20,357620.67,358225.54,359345.38,360807.03,362590.97,364819.60,367250.66,369140.91,370509.93,371252.43,371768.95,371925.23,372028.31,372268.32,373454.03
395121,21,"St. Louis, MO",msa,MO,177038.43,178162.74,179378.31,180405.46,180949.27,181259.93,181832.63,183175.33,185430.56,188063.40,190831.96,193212.50,195270.56,197395.15,199787.58,202448.40,205219.25,207869.06,209602.07,210146.30,209766.82,209647.48,210191.65,211289.26,213454.92,216519.42,220322.43,223943.16,226866.05,229404.56,230714.90,230842.80,229932.90,229276.94,229000.31,229046.92,228871.89,228954.45,229574.01,231184.86,233352.26,235694.75,237574.19,239105.75,240087.00,240707.77,241016.34,241215.15,241471.97,242214.40
394943,22,"Orlando, FL",msa,FL,253310.79,255024.48,256660.72,257922.94,258544.74,258885.08,259453.68,260935.84,263206.69,265875.39,268874.43,271772.96,274809.39,277905.09,281314.57,285045.97,289452.21,294818.63,299959.58,304502.72,308144.68,312265.07,317164.94,322722.33,329710.09,337802.14,347123.37,356802.46,365987.42,374234.03,379975.70,383047.75,383664.51,383289.10,382626.99,381628.42,380259.77,379062.31,378690.38,379057.80,380114.28,381644.00,383423.64,385171.34,386541.92,387706.48,388710.53,389670.89,390577.43,391705.27
394458,23,"Charlotte, NC",msa,NC,237967.82,239555.96,241303.37,242906.22,243979.36,244837.68,246081.71,248326.07,251639.47,255590.46,259962.26,264357.87,268642.80,273055.92,277659.92,282645.64,288119.21,294160.17,300080.66,305136.90,309391.78,313567.68,318439.08,323626.35,329778.47,336473.45,343984.11,351709.25,359014.41,365521.32,369522.37,370808.28,369673.49,368194.79,366673.67,364899.13,362460.74,360270.73,359088.17,359075.44,359868.49,361471.44,363420.60,365720.67,367715.03,369441.87,370805.39,371617.68,372243.97,373205.88
395055,24,"San Antonio, TX",msa,TX,210892.12,212011.49,212999.20,213630.23,213916.01,214205.11,214976.74,216299.05,218374.87,220870.06,223757.65,226470.30,229122.13,231860.82,234982.84,238399.53,242309.57,246541.70,250684.46,253999.75,256584.14,259022.61,262141.64,265696.74,270165.45,274947.80,280269.27,285616.72,290601.42,294820.94,297342.60,297941.59,297079.95,296001.51,295057.14,294271.56,293392.18,292181.99,290918.46,289882.31,289624.36,289950.30,290110.44,290070.54,289385.74,288340.17,287017.52,285520.22,284350.50,283642.07
394998,25,"Portland, OR",msa,OR,411363.36,414542.11,417854.47,420294.19,421150.92,420866.04,420727.05,422683.29,427102.27,433209.29,440278.71,447270.13,453986.42,461148.06,469148.75,477563.28,485760.82,492948.41,499135.53,503588.32,506825.94,509750.90,513296.79,517669.83,523767.47,531804.97,541646.84,551476.74,559446.90,563948.93,562927.01,557353.40,549724.30,544065.19,540128.42,536816.37,532733.60,529427.39,527652.75,527929.24,529707.16,532221.77,534693.92,536627.77,537755.14,538296.25,538172.15,537934.78,537872.22,538276.69
395045,26,"Sacramento, CA",msa,CA,431098.94,433487.22,436328.32,438711.42,439465.04,439097.52,438950.13,440854.28,445325.32,451695.90,459593.37,468016.61,476353.22,484890.04,493788.40,503797.37,514660.42,525321.14,534549.26,540564.97,544299.56,547049.10,551047.60,556225.14,564271.19,574266.25,586293.70,596855.58,604856.24,608842.21,608020.21,602291.04,593451.36,584984.09,577661.86,570689.21,562977.53,556730.27,553088.54,552428.83,553253.21,555486.50,558759.65,562469.96,565003.82,566471.02,567101.57,567432.55,567521.38,568279.05
394982,27,"Pittsburgh, PA",msa,PA,157095.70,158279.35,159506.21,160664.25,161199.51,161261.25,161447.49,162399.17,164518.03,167027.64,169889.32,172394.42,174613.61,176947.78,179382.64,181882.13,184213.13,186752.63,188569.02,189156.78,188078.84,186953.36,186289.90,186335.84,187648.61,190128.46,193393.50,195931.63,197445.66,198436.18,198418.77,197578.04,196085.57,195296.67,194954.56,194547.16,193752.01,192779.36,192484.68,192941.95,194295.06,195970.44,197665.86,199240.29,200481.94,201310.06,201699.05,201864.64,202030.84,202454.42
394466,28,"Cincinnati, OH",msa,OH,190247.69,191451.82,192838.14,194059.39,195004.86,195794.23,196934.50,198869.37,201657.88,204881.46,208316.87,211592.26,214580.97,217481.90,220443.24,223597.99,226881.58,230089.81,232293.78,233158.45,232977.71,233236.20,234269.43,235946.13,238652.53,242207.49,246285.98,250344.23,253829.93,256949.36,258450.03,258444.00,257337.91,256569.83,256551.75,256812.90,256717.88,256754.56,257511.63,259234.81,261722.11,264278.44,266560.40,268225.44,269261.55,269746.47,270010.37,270249.93,270794.99,271765.87
394355,29,"Austin, TX",msa,TX,320163.26,322823.85,325542.42,327764.38,329044.09,329828.50,331157.30,333959.86,338506.68,344030.11,350397.57,357024.51,364286.81,373058.26,385272.38,402380.81,423378.79,444131.16,459683.54,468588.38,472211.57,474608.45,477941.15,483160.51,492076.98,503796.04,518539.85,533056.63,545313.39,552553.51,551688.67,544119.21,532498.83,521766.56,512435.27,504123.21,496170.03,488910.12,483031.99,478739.39,476455.97,475462.41,474540.50,473106.28,470884.62,468236.79,465266.29,462293.16,459871.46,458178.76
394775,30,"Las Vegas, NV",msa,NV,292097.82,293558.09,295204.21,296419.25,296810.14,296705.61,296689.25,297653.11,299404.34,301711.86,304777.55,308289.83,311861.50,315507.72,319842.02,325068.60,331682.77,339549.54,347922.83,355520.05,361772.93,367352.76,373145.57,378773.77,385615.98,393801.67,404048.90,414794.20,424794.00,432975.92,437545.74,437774.24,433760.89,427976.85,421279.89,414910.20,408689.04,403574.53,399806.29,397626.42,396703.47,397168.21,398630.86,401109.36,403513.43,405730.61,407778.29,409829.96,411628.46,413484.56
394735,31,"Kansas City, MO",msa,MO,205833.50,207502.59,209349.72,210769.54,211473.19,211732.66,212397.45,214079.39,216951.68,220357.18,223949.02,227167.32,229942.53,232899.80,236477.75,240618.28,244867.94,248659.15,251332.08,252520.81,252551.07,252625.08,253483.83,255095.55,258123.62,262237.41,267375.08,272290.47,276463.41,279675.70,281163.76,281015.09,279733.16,278846.71,278664.05,278911.30,279025.73,279393.78,280308.51,282139.45,284362.22,286660.82,288566.99,290142.79,291294.61,292262.78,292777.56,293057.05,293319.71,294150.45
394492,32,"Columbus, OH",msa,OH,207794.24,209142.24,210754.70,212426.10,213678.97,214589.25,215587.19,217298.49,219955.82,223235.87,226862.40,230325.29,233535.07,236783.40,240360.39,244228.13,248197.14,251954.94,254537.70,255409.76,254996.93,254749.37,255503.07,257018.45,260358.95,265278.98,271316.24,277111.14,282007.45,286048.73,288250.34,288860.08,288287.66,287723.94,287305.22,286879.65,286099.54,285849.83,286310.85,287884.76,290066.72,292575.11,294951.53,297090.95,298778.05,299991.37,300717.05,301211.73,301887.18,302967.62
394705,34,"Indianapolis, IN",msa,IN,183111.28,184545.31,186102.20,187486.52,188560.25,189314.79,190180.22,191495.15,193645.65,196316.12,199571.23,202743.81,205801.78,208992.20,212642.88,216440.13,220257.72,224008.74,227330.56,229639.57,231043.66,232750.48,235151.89,238019.15,241751.55,246525.45,251838.95,256862.77,260808.24,264060.49,265545.76,265636.41,264642.96,263873.50,263523.36,263459.22,263213.79,263184.55,263314.13,264068.89,264993.83,266180.77,267147.85,268003.52,268571.20,268896.50,268907.81,268772.23,269138.46,270026.35
394475,35,"Cleveland, OH",msa,OH,153844.60,154807.59,155662.36,156194.16,156300.91,156328.49,156721.78,157902.62,159887.72,162401.83,165285.01,168148.37,170604.64,172853.30,175135.15,177633.52,180239.02,182833.85,184655.09,185278.65,184753.97,184270.67,184260.62,184766.12,186472.08,189130.88,192554.06,195841.90,198684.77,201244.51,202771.00,203340.64,202953.91,202574.45,202466.89,202471.74,202063.02,201891.72,202183.52,203408.50,205000.14,206834.69,208625.90,210377.60,211813.28,212959.12,213713.45,214422.75,214992.16,215913.36
395059,36,"San Jose, CA",msa,CA,1157670.78,1168313.67,1179564.55,1183898.75,1178212.46,1166091.32,1157961.26,1160777.58,1176127.68,1197740.47,1224226.95,1249496.65,1268324.97,1279893.01,1287654.05,1301208.95,1319875.26,1340816.41,1359429.41,1373410.18,1384753.92,1396000.56,1411348.71,1433383.02,1466875.47,1508878.46,1554274.40,1589685.21,1610331.33,1609971.52,1591394.79,1558518.35,,1495868.28,1481969.76,1477364.12,1467239.47,1449444.85,1428675.34,1417537.89,1417571.35,1427036.00,1446760.70,1472668.69,1500945.01,1525881.93,1545594.69,1558415.74,1558654.69,1554127.90
394902,37,"Nashville, TN",msa,TN,293644.09,295727.18,297813.44,299322.12,300003.56,300460.69,301156.02,302810.88,305607.87,309033.16,312866.31,316524.40,320122.42,324183.68,328679.94,333653.11,339370.92,346264.51,353658.65,359991.76,365104.55,370130.63,376367.34,383531.39,391968.57,401566.00,411875.28,422422.34,431721.07,439455.23,443620.13,444407.80,442303.27,439419.02,436276.79,433344.52,430356.50,428216.54,427064.78,427246.84,427951.79,429234.11,429956.64,430637.18,430975.65,431414.42,431675.61,431627.02,431695.72,432557.20
395194,38,"Virginia Beach, VA",msa,VA,247075.54,248473.43,249628.32,250504.29,250917.58,251265.24,251982.90,253703.40,256525.84,259879.68,263413.51,266662.28,269729.77,272796.28,275980.33,279373.30,282968.21,286477.15,289147.30,290701.86,291170.93,291872.10,293448.72,296048.76,299547.12,303128.41,306897.20,310474.88,313829.44,316668.55,318080.11,318205.49,317374.95,317156.68,317554.89,318473.00,319071.84,319966.02,321149.95,323175.77,325719.02,328473.77,330976.39,333128.67,334834.36,335923.78,336509.07,336938.90,337506.09,338748.58
395005,39,"Providence, RI",msa,RI,309883.80,312091.80,314595.60,316687.06,317811.22,318163.87,318632.73,320553.54,324330.30,329442.70,335458.40,341685.00,347345.74,353129.86,359020.81,365529.98,371971.54,377861.86,381715.77,383121.57,382674.13,382202.08,382783.42,384321.53,388463.72,394896.20,403467.65,411669.71,418710.17,424223.37,426932.18,426529.44,424056.41,422173.59,421413.21,421285.14,420627.98,420480.93,421601.21,424686.74,428867.01,433180.14,437291.70,441128.82,444518.92,447498.24,449821.82,451972.53,453333.65,454845.56
394714,40,"Jacksonville, FL",msa,FL,231452.48,233107.34,234683.03,235729.50,236097.84,236304.39,236830.62,238226.62,240521.15,243232.47,246368.57,249490.12,253026.06,256867.63,261034.00,265407.65,270324.37,276160.17,281880.20,286804.38,290677.08,294813.91,299723.25,305031.27,311699.01,319508.43,328650.05,337758.57,345799.53,352588.49,356932.93,359005.82,359208.82,358953.10,358488.24,357153.51,354772.43,352365.65,350745.97,350018.82,349709.77,349846.19,350014.48,350502.45,350826.40,351161.05,351333.91,351633.55,352138.12,352942.50
394862,41,"Milwaukee, WI",msa,WI,240201.65,241786.19,243607.13,245331.01,246625.15,247263.60,247612.34,248466.45,250517.10,253438.72,256746.07,259924.32,262864.30,265784.89,268513.88,271493.66,275101.47,278996.43,282022.24,283079.05,282325.96,281049.60,280339.08,280564.01,281984.38,284467.96,288164.58,292762.67,297151.74,300632.80,302080.53,301810.76,300799.07,300105.01,300180.65,300812.64,302303.36,304422.72,307410.21,310931.77,314640.24,317804.36,320000.32,322049.51,323642.79,324897.55,325632.70,326008.16,326436.63,327777.92
394935,42,"Oklahoma City, OK",msa,OK,162579.64,163737.43,164597.30,165039.28,165145.96,165254.59,165649.91,166634.06,168239.80,170237.98,172573.75,174836.93,176816.96,178564.86,180256.04,182187.68,184464.53,186994.90,189111.32,190614.08,191477.09,192646.76,194233.41,196302.61,199192.46,202550.37,206293.40,209784.04,212819.45,215556.60,217482.96,218622.32,219116.35,219661.87,220528.61,221318.09,221582.97,221682.75,222035.73,223034.95,224376.57,225672.94,226570.23,227119.35,227409.72,227743.73,228183.39,228696.19,229153.84,229529.46
395012,43,"Raleigh, NC",msa,NC,288891.44,290246.84,291565.96,292715.59,293450.17,293995.35,294813.35,296569.48,299447.74,302840.31,306505.19,310150.72,313933.73,318016.95,322333.28,327134.16,333004.96,340348.00,348561.58,356763.48,364338.08,371656.35,378789.93,385581.06,393041.51,401445.80,411823.99,422790.13,433568.34,442093.66,446629.60,446781.57,443611.79,439932.72,436328.60,433100.78,429775.12,427066.98,425595.88,425723.51,427093.69,429341.03,431398.83,433093.07,434052.42,434693.80,435027.55,435017.58,435108.42,435906.33
394849,44,"Memphis, TN",msa,TN,162132.52,163361.76,164590.19,165841.73,166886.19,167874.82,169006.35,170595.77,172784.82,175341.50,178214.78,180696.62,183117.48,185395.69,188018.41,190695.11,193698.54,197024.92,200077.29,202278.10,203686.78,205424.95,208071.52,211108.38,214588.30,218268.35,222259.14,226267.29,229859.08,233172.96,235384.98,236553.64,236784.33,236776.69,236615.00,235988.73,234766.19,233550.90,233077.14,233269.20,233864.20,234405.87,234792.54,235173.17,235207.71,234967.38,234393.41,234044.44,234041.46,234634.81
395022,45,"Richmond, VA",msa,VA,249576.38,250908.57,252185.88,253238.13,253873.39,254421.24,255417.38,257276.61,260079.56,263568.36,267437.30,271341.00,275071.75,278748.72,282508.54,286335.95,290299.75,294233.79,297312.16,299131.00,299658.16,300230.50,301500.46,303663.85,307425.81,312034.45,317176.10,322048.21,326833.93,331661.36,335305.21,336933.14,336844.09,336471.68,336881.57,337604.57,338203.97,338483.37,339220.15,340781.63,343528.04,346469.12,348985.42,350488.04,351543.39,352174.89,352801.07,353520.33,354284.07,355534.01
394807,46,"Louisville, KY",msa,KY,185697.30,186599.50,187418.73,188140.14,188635.63,189175.28,189901.48,191318.54,193444.49,196134.08,199075.16,201851.31,204073.04,206107.62,208111.60,210189.23,212443.55,214878.93,216983.99,218184.31,218452.35,218860.41,219863.77,221401.60,223661.80,226273.96,229178.11,231931.68,234375.06,236614.32,237773.01,237921.94,237099.29,236645.45,236719.22,237137.50,237243.62,237410.10,237982.83,239320.97,241048.95,242809.79,244089.61,245065.92,245682.70,246240.86,246636.32,247074.90,247416.27,247856.06
394910,47,"New Orleans, LA",msa,LA,223050.82,225145.16,226939.76,228401.90,229099.61,229108.56,228272.10,228394.38,230004.01,232602.65,234910.86,236784.60,237797.13,239164.53,240580.33,242488.10,244920.11,247866.95,250747.52,252506.22,253539.16,254769.18,256598.95,258409.51,259458.77,260620.26,262111.97,263949.78,265328.46,266752.44,267821.84,267793.07,266108.51,263906.64,261470.56,258855.93,256382.87,254750.20,254653.93,254638.53,253587.55,251557.37,249092.51,246725.57,244000.02,241340.16,238954.44,237180.36,235592.70,235149.87
395053,48,"Salt Lake City, UT",msa,UT,366705.90,370687.30,374854.58,378484.16,380323.87,381047.63,381968.94,384932.17,390142.97,396923.11,404582.96,412146.74,419880.47,428378.61,438172.32,448973.96,460613.99,471868.62,481466.91,488648.91,493822.86,497921.67,502005.73,506792.27,514566.02,525031.40,537869.60,550455.70,560710.08,566297.28,565239.10,559144.51,550728.25,544135.86,539085.25,535102.72,531465.66,528473.81,526295.69,524649.87,523951.49,524867.92,526749.84,528974.90,530541.16,532067.30,533076.91,533503.48,533194.92,533354.32
394669,49,"Hartford, CT",msa,CT,227249.91,228396.90,229987.35,231604.71,232473.12,232690.23,232707.63,233654.41,235815.75,238958.86,242823.95,246725.83,250329.99,253705.29,257128.09,260624.67,264384.68,268074.26,270649.92,271468.78,270645.34,269953.61,269976.49,271185.64,274190.49,278718.49,284154.67,289228.13,293946.53,298114.32,300969.34,301655.36,300954.28,300356.40,300929.72,301891.46,302470.90,303339.53,305092.29,308079.87,311494.89,315277.29,319658.59,324385.90,328694.54,331971.57,334250.14,336215.37,337943.51,340255.02
394425,50,"Buffalo, NY",msa,NY,168126.36,168799.94,169634.59,170484.24,171362.69,172357.81,173600.11,175130.37,177413.97,180166.94,183401.61,186183.92,188518.05,190810.70,193308.54,196237.93,199600.82,203559.03,206764.48,208423.27,208147.96,207574.07,207388.13,207710.08,209490.74,212383.99,216486.15,220719.50,224650.73,228584.18,231295.54,232595.79,232191.99,231307.54,230621.60,230116.90,229481.91,228945.03,229212.66,230587.43,232916.10,235488.70,237774.07,239749.25,241015.58,242076.20,242790.95,243488.42,244071.22,244825.03
394388,51,"Birmingham, AL",msa,AL,180794.56,182340.35,183775.45,184992.51,185723.73,186239.20,186913.42,188190.76,190179.56,192559.33,195379.97,198087.54,200636.68,203109.65,205724.90,208463.32,211219.04,214088.41,216618.44,218345.67,219296.95,220493.62,222513.63,224899.92,228061.40,231748.00,235951.58,239988.52,243343.43,246365.18,248076.28,248833.80,248701.13,248439.75,247965.76,247079.90,245897.27,244976.44,244924.78,245917.86,247518.03,248963.08,249677.06,249878.16,249694.34,249278.23,248747.30,248199.14,247869.34,247702.25
395031,52,"Rochester, NY",msa,NY,156434.19,157115.11,157756.50,158406.23,159157.42,160096.31,161365.94,163017.72,165398.99,168328.57,171390.54,173879.47,175665.30,177226.90,179023.53,181264.90,184374.39,188167.21,191296.10,192658.42,192087.70,191035.77,190360.13,190320.06,191931.38,194712.73,198755.58,202916.32,206865.97,210535.49,213048.81,214235.22,213996.83,213420.05,213072.51,213244.68,213269.01,213571.14,214470.24,216506.61,219320.84,222622.69,226017.71,229279.00,231568.82,232882.01,233422.85,233449.57,233399.40,233753.24
394640,53,"Grand Rapids, MI",msa,MI,214688.97,215906.46,217390.74,219073.62,220150.22,220910.02,221922.04,223667.92,226347.32,229404.88,232828.47,235981.45,238866.94,242316.60,246394.37,251296.07,256351.52,261214.32,264781.49,266485.69,266949.80,267369.01,268667.30,270847.52,274331.45,279281.92,285054.39,290877.15,295580.48,298947.97,299935.54,298809.78,296477.12,294801.16,293979.20,293818.16,293822.45,294084.03,295191.88,297022.64,299459.78,301356.14,302647.66,303744.38,304884.22,305940.75,306687.40,307274.31,308111.31,309531.07
395167,54,"Tucson, AZ",msa,AZ,230788.45,231914.54,232951.53,233851.79,234732.40,235629.70,237141.98,239658.96,243266.51,247300.79,251924.39,256522.51,260852.99,264597.68,268540.74,273234.81,278948.59,285252.08,291786.76,297668.83,302799.85,307147.43,311239.71,314920.58,318220.17,321947.33,326504.20,332179.60,338214.85,344129.72,348198.53,349447.40,348100.93,346257.53,344133.01,341691.78,338292.77,335400.56,333601.99,333419.10,334381.46,336072.84,337977.69,339969.04,341795.64,343443.13,344674.56,345435.61,345308.21,345239.17
753924,55,"Urban Honolulu, HI",msa,HI,675136.38,676850.96,678399.32,679805.10,679796.80,678498.43,677476.56,678849.45,683317.67,688913.85,695804.09,702688.61,709449.27,716162.98,723823.10,734095.54,746285.16,759893.83,770397.76,776614.06,779786.49,784280.82,791740.22,800280.63,815469.33,836007.93,861114.88,880006.38,892467.01,897907.24,898141.72,893751.36,886787.88,880857.17,876495.44,873007.10,866935.31,859597.36,853896.10,854584.58,858205.71,861560.11,862982.50,863978.09,864746.20,863528.21,862521.51,861692.42,861137.57,860011.08
395169,56,"Tulsa, OK",msa,OK,157870.81,159524.29,160522.54,160900.96,161086.45,161587.87,162382.23,163849.56,165891.26,168233.63,170914.35,173576.88,176093.46,178361.71,180558.80,182473.12,184418.11,186560.35,188688.11,190490.76,191865.42,193829.25,196259.65,198956.54,201648.89,204382.31,207067.61,209520.35,211800.93,214287.40,216325.48,217510.78,217944.98,218390.94,219115.44,219424.78,219093.29,218589.83,218671.13,219396.85,220565.72,221798.08,222747.23,223304.80,223544.13,224226.95,225129.97,226222.05,226903.90,227702.85
394619,57,"Fresno, CA",msa,CA,273157.87,274442.40,275877.50,276914.23,277370.51,277441.53,277880.45,279742.29,283056.24,287294.98,291959.19,296562.88,301178.27,305743.00,310561.46,315596.85,321068.03,326815.22,332315.09,336639.17,339667.94,342338.13,345719.23,349862.36,355202.64,361532.69,368799.25,375762.74,381536.07,385559.96,387347.81,386824.16,384643.54,382265.41,380006.01,377590.30,374231.77,371248.37,369889.50,370274.02,371848.86,373716.46,376132.57,378716.74,380826.07,382055.54,382675.17,383338.89,384666.04,386451.94
395238,58,"Worcester, MA",msa,MA,288524.87,290162.66,292286.96,294384.80,295813.46,296622.37,297741.95,300070.88,304096.05,309103.71,314970.01,320860.89,326169.31,331219.09,336240.18,341704.23,347362.33,352830.49,356505.97,357756.22,356757.73,355740.24,355619.23,356870.47,360697.14,366624.42,374225.06,381252.93,387363.72,392274.36,395064.02,395273.98,393423.30,391661.50,390811.16,390808.09,390896.15,391572.98,393174.81,396232.48,400054.38,404368.70,408728.84,413541.56,417873.57,421545.08,424037.83,426011.64,427276.36,428823.81
394938,59,"Omaha, NE",msa,NE,197696.71,199113.27,200571.89,201791.56,202640.18,203306.66,204283.80,205987.16,208474.18,211271.16,214204.79,216885.26,219579.81,222428.74,225724.20,229292.25,232925.35,236132.25,238224.25,238869.37,238320.66,237807.70,238129.04,239327.36,241968.37,245806.28,250793.03,255832.46,260236.06,263519.10,265004.64,264891.84,263839.61,263308.23,263576.19,264521.17,265241.82,266110.95,267385.24,269331.89,271553.69,273817.96,275708.34,277232.02,278002.14,278255.36,278325.92,278468.22,279047.10,279984.82
394415,60,"Bridgeport, CT",msa,CT,404898.95,406676.18,409064.23,410807.25,411003.58,409867.91,408755.71,410104.64,414481.15,421407.30,429914.26,438839.98,447125.77,454961.77,462168.96,469251.05,476373.43,483428.25,488234.84,489851.49,488791.21,487965.09,488873.88,491710.90,497442.25,504891.32,513865.99,522515.70,530820.23,537867.91,542292.37,543094.16,541327.12,539569.06,538818.75,538763.12,538179.89,538373.69,539616.76,543394.74,548007.40,553963.09,560580.37,568042.31,575428.20,581573.33,586746.91,590410.80,593306.89,596584.88
394653,61,"Greenville, SC",msa,SC,192870.46,194032.55,195348.48,196515.67,197410.89,198122.49,199100.59,200661.41,202913.07,205588.71,208426.38,211151.92,213635.23,216234.37,218917.43,221517.16,224304.12,227376.82,230316.25,232389.29,233657.22,235210.85,237507.71,240542.72,244687.26,249837.18,255512.23,261055.65,265981.07,270505.49,273630.69,275236.19,275440.72,275709.05,276089.70,276585.69,276858.23,277027.32,277509.05,278313.90,279364.90,280564.62,281563.45,282628.11,283486.77,284035.94,284602.30,284922.16,285165.73,285612.21
394312,62,"Albuquerque, NM",msa,NM,209898.96,211296.11,212885.54,214483.26,215897.68,217258.53,218946.37,221345.13,224448.64,227963.00,231345.38,234468.88,237592.55,241321.91,245495.88,249914.27,254232.81,258445.42,261971.24,264642.84,266358.89,267890.96,269948.21,272556.28,276544.36,282058.48,288699.05,294996.97,299912.23,303961.78,306395.31,307139.51,306245.84,305260.30,304570.17,304231.22,303748.89,303787.81,304468.92,306211.02,308550.50,310992.57,313459.63,315857.12,318026.70,319760.34,321101.28,322179.70,323253.04,324323.77
394357,63,"Bakersfield, CA",msa,CA,231787.86,233106.24,234673.75,235980.55,236714.51,237421.81,238593.32,240615.53,243293.41,246341.26,250046.49,253836.76,257610.63,261224.02,265006.60,269050.69,273584.39,278444.75,283151.87,287191.08,290382.20,293382.70,296640.82,300239.03,304415.52,309234.49,314883.23,320820.30,326165.66,330503.77,332968.19,333443.87,332230.12,330662.85,329080.26,327544.65,325418.09,323697.57,322985.33,323664.53,325480.74,328005.44,330881.02,333643.35,335630.26,336916.40,337953.62,339075.43,340392.80,341844.51
394308,64,"Albany, NY",msa,NY,229719.80,230525.64,231248.30,231890.34,232326.80,233042.70,233982.45,235362.45,237489.82,240047.70,243048.29,245829.75,248345.43,250921.93,253660.53,256412.44,259630.49,262937.51,266059.69,267989.58,268906.90,269657.50,270883.24,272078.99,273925.06,276066.53,279098.97,282553.69,285911.87,289461.12,292031.40,293861.91,294266.31,294476.20,294511.50,294605.85,294223.19,294596.33,295466.01,297107.06,298833.74,301112.77,303525.26,305464.42,306823.48,307716.39,308512.42,309521.67,310637.55,312191.08
394753,65,"Knoxville, TN",msa,TN,194215.93,195931.53,197481.89,198570.09,199408.06,200131.65,201156.76,202808.43,205493.48,208712.20,212247.45,215579.50,218796.73,222256.51,225825.75,229787.58,234359.36,239835.69,244955.51,248581.56,250585.08,252600.44,255581.65,259401.69,264377.67,270515.91,277205.71,284113.79,290047.14,295612.74,299105.54,300809.84,300683.23,300095.09,299520.43,299349.15,299124.59,300034.03,301819.05,305179.21,308785.01,312991.33,316798.74,320604.83,323932.19,326758.45,328902.21,330124.51,330826.85,331595.99
394367,66,"Baton Rouge, LA",msa,LA,189715.58,191199.98,192346.63,192893.74,192621.87,192066.90,191637.18,192057.18,193442.15,194930.24,196263.99,197145.70,198126.75,199367.77,200584.27,201628.71,202591.49,203867.91,205212.94,206165.71,206636.00,207442.57,208919.84,211036.79,213405.28,215616.89,217831.60,220080.07,222038.07,223856.44,224386.12,224142.32,222820.09,221728.11,221122.78,221113.49,221942.39,222808.39,224059.66,225297.59,226889.18,228134.72,228685.56,228797.41,228807.51,228791.16,228684.81,228273.14,228006.75,228418.17
394843,67,"McAllen, TX",msa,TX,114401.69,115213.84,116097.10,117001.82,117587.45,118147.64,119046.69,120440.62,122137.53,124037.53,126206.22,128344.37,130295.21,131955.88,133514.69,135080.45,136743.03,138721.97,140179.33,140954.28,140839.49,141292.82,142354.03,143959.52,146595.51,149900.15,153801.52,156781.97,159318.30,161695.84,164043.43,165789.32,166829.67,167492.23,167956.16,168048.97,167988.76,168292.56,169149.27,170391.53,171784.95,173015.86,173867.02,174490.88,175437.93,176890.24,178519.10,179757.10,180432.78,180861.09
394908,68,"New Haven, CT",msa,CT,226132.81,227517.32,229394.88,231144.59,232335.11,232683.17,232802.22,233723.87,235995.60,239536.56,243940.60,248652.03,253204.90,257619.22,261980.24,266278.75,270769.56,275223.03,278572.84,280009.46,279468.08,278785.71,278910.89,280518.95,284277.25,289478.90,295314.94,300672.01,305352.25,309449.59,311977.60,312727.28,312263.46,311965.00,312469.09,313257.08,313509.64,314260.79,315626.97,318273.89,321327.50,324696.53,328694.29,332971.08,337115.92,340397.78,342974.42,345031.42,346742.85,348662.63
394561,69,"El Paso, TX",msa,TX,139535.37,140157.61,140830.12,141645.45,142325.11,142961.21,143652.86,144691.36,146215.84,148070.22,150064.45,151770.28,153327.21,154974.95,156816.91,158969.90,161325.44,163962.62,166313.88,168173.20,169421.76,170536.32,171981.43,173782.98,176311.82,179083.83,182040.42,184967.82,187803.57,190756.65,193289.29,195177.83,196322.05,197043.31,197804.87,198564.40,199331.53,199969.19,200779.30,201890.60,203742.52,205557.59,207072.04,208181.45,208977.26,209650.69,209936.97,210306.81,211049.93,212153.34
394318,70,"Allentown, PA",msa,PA,215437.84,216928.22,218522.50,219947.58,221053.31,221919.35,222598.55,223825.01,225903.86,228896.38,232869.24,237147.90,241245.71,245113.50,248798.84,252208.79,255656.19,259334.77,262412.90,264301.28,264568.76,264849.64,265857.92,267835.64,271368.63,275970.14,281437.17,286649.16,290951.52,294390.73,296054.36,296263.56,295740.82,295734.20,296251.02,296666.85,296575.69,296392.68,296978.05,298374.24,300569.85,303045.59,305823.13,308631.22,311085.86,312835.86,314096.35,315235.00,316371.59,317948.59
394952,71,"Oxnard, CA",msa,CA,618761.77,622150.10,626952.97,630462.10,631621.53,630352.08,630209.63,633066.01,640007.02,649276.01,660467.96,671526.13,681862.22,691533.00,700486.52,710542.68,721980.49,734323.35,744878.46,750651.61,753298.82,755375.81,759515.26,765046.86,774881.35,790280.30,810484.84,829241.27,842668.25,849321.51,848780.67,842613.74,833979.15,826235.98,819418.12,812537.81,804645.40,798753.55,797045.03,800110.24,805542.71,811993.41,819446.56,827545.23,834978.41,840417.92,843804.86,845743.46,847002.30,849054.60
394486,72,"Columbia, SC",msa,SC,164953.07,165834.81,166713.96,167426.12,168044.46,168508.05,169216.85,170317.17,171928.35,173826.68,175916.16,177989.34,180070.40,182234.05,184527.04,186860.71,189663.15,193108.62,196438.71,198718.04,199760.50,200716.10,202229.60,204137.13,207240.49,211073.56,215745.11,220288.26,224561.00,228461.37,231312.80,233049.51,233652.24,234093.85,234447.24,234608.02,234211.59,233756.05,233770.32,234425.14,235554.89,237205.67,238547.82,239681.40,240315.34,241163.60,241969.31,242525.64,242674.08,243161.02
753906,73,"North Port, FL",msa,FL,275266.68,276881.24,278283.89,279029.65,278953.59,278832.43,279321.01,281043.91,283928.99,287485.06,291756.73,295973.26,300272.01,304579.81,309412.92,315132.29,322628.31,332267.03,342111.56,350833.54,357773.55,364957.15,372500.59,380283.48,389808.95,401396.43,416028.21,431674.44,446805.03,459373.68,466949.80,469380.69,467528.31,464603.67,462055.60,460128.30,458265.71,456894.39,456276.38,456240.90,456360.44,456976.26,457389.31,457738.97,457798.71,458055.31,457942.51,457166.79,455904.02,454959.68
394457,75,"Charleston, SC",msa,SC,276052.12,277215.26,278577.54,279553.64,280077.96,280442.70,281260.62,282881.99,285494.16,288688.74,292287.81,295903.53,299583.72,303840.93,308478.15,313487.63,318895.52,324789.27,330744.16,335611.75,339536.09,343171.84,347307.20,351801.01,357624.90,364699.22,373325.08,381988.38,390105.95,396997.96,401654.85,403782.93,403458.61,402804.39,402066.48,401196.61,400090.28,399450.67,400098.82,401519.53,403648.39,406580.07,409568.05,412507.83,415009.04,417381.00,419659.02,421504.09,422965.90,424640.33
394648,76,"Greensboro, NC",msa,NC,165163.96,166120.94,167409.47,168900.85,170083.18,170896.57,171805.23,173285.54,175641.48,178311.76,181056.77,183509.65,185777.56,188118.36,190586.32,193272.22,196447.05,200179.54,203353.65,205027.72,205184.81,205272.96,206122.65,207450.05,209859.76,213099.14,217278.55,221845.18,226010.16,229713.40,232039.08,233061.40,233070.98,232987.30,232911.19,232735.56,232228.06,232166.26,232761.66,233919.25,235330.09,236837.23,238357.67,240022.72,241462.78,242588.86,243369.39,243656.52,243677.66,243859.97
395134,77,"Stockton, CA",msa,CA,388739.41,390712.85,393224.83,395829.47,397236.04,397521.74,397460.49,398997.41,402834.18,408583.69,415849.96,423911.16,432100.16,440582.12,449764.60,460232.31,471227.66,482005.63,490551.65,496150.40,499016.24,501152.33,504303.22,508156.04,514745.02,523948.25,535708.69,546470.96,554235.62,558472.17,558614.95,554745.79,547827.05,540355.22,533200.85,526943.09,520489.32,515772.63,512999.27,512669.86,513813.89,515954.36,518884.77,521335.28,522809.40,523879.13,524759.57,525760.41,526429.68,527570.15
394440,78,"Cape Coral, FL",msa,FL,238615.58,239688.18,240457.60,240704.15,240388.05,240115.67,240457.42,242156.09,244887.74,248117.45,251715.01,255192.05,258591.89,261653.42,265363.62,270334.74,277396.05,286408.00,295849.43,304670.30,311899.99,318934.38,325758.28,332577.69,340609.17,350086.84,361619.65,374035.98,386397.90,397304.13,404323.09,407074.75,406267.68,404187.04,401946.83,400081.34,397504.53,395421.01,394349.61,395202.01,396825.27,398600.31,399762.87,400244.67,399978.25,399351.41,398596.91,397714.83,396871.69,396012.09
394399,79,"Boise City, ID",msa,ID,311314.69,315425.52,319899.21,323893.37,326826.19,328597.79,330430.91,333541.10,338977.28,346660.87,356773.51,368831.99,382376.27,397365.21,414089.72,431752.89,449403.37,464440.56,475250.57,480995.29,483305.78,484680.31,486284.94,488530.11,492085.98,497602.57,504803.79,512546.21,518578.43,521605.41,519526.26,513109.56,503449.31,493866.04,484521.91,476102.24,468161.83,461767.14,456946.97,454269.49,453251.17,453890.22,455473.46,457990.03,460177.16,462497.64,463821.14,464582.53,464426.27,465024.26
394484,80,"Colorado Springs, CO",msa,CO,333218.53,335938.79,338880.25,342116.39,344727.17,345960.37,346466.49,347669.92,350369.46,354299.49,359019.00,364506.14,370352.45,376930.82,384507.84,392663.94,401118.02,408850.72,415343.39,420017.09,423296.21,426798.12,431366.89,436669.62,442888.58,449799.79,458055.99,466265.37,473111.39,477286.03,477338.87,474012.19,468698.31,464015.29,460121.68,456670.55,453429.95,450969.84,449322.82,448274.79,447898.26,448769.64,450459.66,452471.26,453865.23,454374.42,454064.78,453415.35,452919.91,453072.69
394798,81,"Little Rock, AR",msa,AR,162227.59,163150.86,164093.18,164956.56,165494.62,165842.74,166342.63,167341.70,168886.68,170534.06,172248.89,173637.64,175006.74,176341.73,177785.21,179380.90,181402.26,183920.31,186544.79,188601.85,189797.55,190728.25,191898.17,193462.28,195534.08,197908.91,200575.17,203178.95,205346.57,206860.97,207761.02,208223.44,208666.23,208983.17,209157.93,208772.20,208021.89,207422.64,207561.39,208417.16,209756.09,210950.94,211487.75,211368.09,211178.89,211352.81,211779.08,212009.11,212165.78,212713.38
394766,82,"Lakeland, FL",msa,FL,196709.53,198194.57,199466.85,200441.52,201036.75,201727.67,202799.20,204512.26,206871.49,209486.77,212409.83,215106.82,218060.59,221057.76,224415.34,227757.49,231474.17,236070.34,240967.68,245570.12,249401.21,253342.73,257980.55,263062.09,269274.24,276579.06,284660.83,293003.52,300596.02,307633.24,312625.48,315469.61,316085.18,315560.95,314521.71,312956.48,310835.07,309021.58,307876.31,307434.04,307270.37,307744.10,308634.29,309620.05,310108.77,310318.42,310390.19,310531.80,310983.86,311707.38
394304,83,"Akron, OH",msa,OH,149048.59,149920.18,150986.99,152090.33,152705.58,153090.06,153545.78,154675.31,156537.56,158791.44,161395.33,163800.56,165911.30,167853.97,169867.07,171976.32,174172.90,176502.86,178417.32,179236.21,179014.96,178607.20,178652.38,179086.95,180649.86,182999.27,185835.20,188484.30,190681.67,192813.40,194131.61,194758.76,194747.29,194835.75,195045.44,195104.65,194583.85,194376.82,194823.04,196175.93,197911.20,199733.21,201486.68,202943.77,204171.04,205013.82,205664.54,206052.39,206387.72,207190.47
394531,84,"Des Moines, IA",msa,IA,208065.07,208547.77,209097.09,209582.13,210036.63,210365.04,210967.98,211922.32,213562.02,215648.80,217799.52,219604.34,220957.42,222411.05,224306.36,226824.87,229772.79,232718.11,235146.97,236669.02,237456.09,238305.55,239668.22,241436.03,243813.57,246418.70,249596.23,252719.84,255868.36,258414.70,259816.78,260076.32,259807.22,259987.14,260499.34,260991.64,260914.21,260805.50,260893.34,261955.18,263510.41,265336.72,266745.13,267693.44,268251.53,268586.45,268913.49,269352.87,270027.75,270826.84
395115,85,"Springfield, MA",msa,MA,232427.32,233444.32,234618.99,235714.22,236655.66,237417.51,238486.70,240133.64,242914.82,246382.49,250527.82,254554.47,258120.33,261482.90,264699.19,268333.30,272272.53,276297.93,279207.77,280262.51,279872.22,279382.79,279488.39,280157.68,282726.95,287092.44,292817.59,298096.22,302620.92,306452.35,308695.04,309011.23,307830.41,306582.32,306023.65,305967.85,306117.30,306949.01,308521.88,310958.76,313597.82,316395.41,318910.09,321450.41,323460.41,325069.78,326195.55,327194.08,328079.69,329098.61
394931,87,"Ogden, UT",msa,UT,324084.86,326722.23,329723.42,332842.65,335018.79,336401.23,337919.74,340988.25,345900.32,352220.70,359340.82,366688.88,373781.10,381566.43,390190.38,399697.74,409670.80,419727.39,429205.31,436899.34,442773.81,447794.95,452913.69,458592.60,465794.48,474850.44,485819.58,496747.15,505425.50,510132.74,509259.82,503937.89,496390.90,490047.42,485138.17,481320.56,477695.87,475200.47,473636.76,473344.75,473879.47,475322.87,477238.12,479008.37,480190.22,482216.20,483725.50,484691.27,484125.37,484250.51
394816,88,"Madison, WI",msa,WI,280552.50,282230.29,284184.31,285863.50,286903.82,287501.18,288116.93,289773.94,292642.43,296380.19,300080.16,303292.50,305894.67,308706.91,311852.28,315869.64,320717.52,325536.90,329166.83,330619.31,330477.62,330009.70,330243.38,331610.54,334314.14,338010.11,343103.92,349067.43,355079.98,359657.92,361634.36,361178.44,359736.46,358904.12,359026.01,359887.35,361407.70,363591.14,366679.22,370377.80,373983.95,376586.99,378322.98,379915.23,381727.83,382911.41,383619.63,383695.89,384378.20,386270.95
395235,89,"Winston, NC",msa,NC,170604.57,171483.71,172521.28,173697.83,174489.10,175207.06,176245.22,178083.17,180662.74,183562.21,186609.86,189541.44,192172.10,194813.78,197468.18,200504.91,204048.78,208167.55,211412.78,213009.67,212954.46,212901.55,213510.34,214492.17,217045.82,220731.42,225646.78,230550.81,235098.70,239279.83,242241.57,243784.69,244111.64,244254.09,244331.58,244309.28,243164.42,242184.39,241884.18,242990.43,244734.80,246490.92,248173.96,250124.03,252118.95,253723.32,254911.06,255328.78,255310.43,255254.78
394528,90,"Deltona, FL",msa,FL,220723.31,222289.25,223674.99,224521.42,224631.02,224676.15,225197.74,226769.45,229293.01,232231.13,235698.95,239035.49,242404.01,245796.74,249529.58,253826.68,259002.39,265313.35,271796.52,277488.80,281898.91,285801.09,289755.95,293868.40,299359.46,306145.86,314284.18,322842.30,331140.38,338521.85,343671.46,346216.84,346612.58,346112.77,345307.21,343982.72,341826.68,339823.10,338513.58,338023.84,337978.80,338627.60,339586.82,340565.04,341083.46,341520.10,341881.73,342143.94,342112.71,342140.52
395143,91,"Syracuse, NY",msa,NY,142478.93,143105.54,143751.31,144338.21,144870.78,145505.29,146410.23,147667.22,149613.62,152035.68,154694.60,156976.88,158698.46,160267.94,161964.18,163951.12,166421.19,169368.27,171822.09,172913.70,172366.58,171633.67,171315.80,171505.64,172761.89,174873.74,177868.65,180962.36,183905.48,186855.08,189100.74,190525.20,191036.61,191207.09,191195.04,191207.32,190990.29,191200.40,191893.69,193732.50,196152.60,199063.09,201875.12,204511.83,206609.63,208303.72,209672.44,210721.07,211483.45,212403.57
395006,92,"Provo, UT",msa,UT,362682.36,365233.06,367883.63,370481.66,372182.70,373215.73,374578.86,377573.14,382739.97,389452.59,397026.44,404929.79,412977.82,421931.03,431270.67,441650.10,453366.86,465591.07,476724.48,484926.63,490486.98,494852.51,499087.21,504011.07,511627.93,522388.66,535793.91,548560.26,558726.71,564491.08,564553.51,559172.79,550637.14,542337.42,535300.36,529917.76,525362.33,521927.47,518623.86,515887.88,514268.07,514713.09,516324.73,518251.04,519623.14,521462.29,522984.03,523848.38,523705.99,523827.76
395160,93,"Toledo, OH",msa,OH,128832.34,129889.54,130932.19,131593.01,131839.33,131933.61,132326.80,133467.69,135251.68,137424.38,139758.97,141946.22,143992.45,146040.52,147978.45,149752.33,151374.90,153019.54,153944.39,153889.44,153068.27,152363.21,151932.67,151867.05,153062.87,155406.24,158255.56,160796.76,162726.14,164412.59,165334.91,165579.11,165274.22,165090.83,164866.73,164485.12,163598.34,163256.60,163586.36,164807.49,166499.73,168578.10,170670.12,172257.13,173461.59,174454.91,175400.51,175926.32,176204.65,176787.48
395224,94,"Wichita, KS",msa,KS,142437.02,143652.96,144926.66,146082.00,146787.11,147433.89,148440.55,149836.08,151654.14,153087.13,154369.17,155137.53,156008.46,156942.12,158175.41,159665.27,161580.90,163872.07,165962.73,167652.74,168805.07,169843.15,171057.52,172430.88,174485.48,176933.53,179715.04,182281.30,184412.31,186334.30,187704.09,188637.42,188916.88,189305.46,189866.03,190656.20,191359.45,191930.49,192909.32,194500.98,196475.79,198389.06,199746.07,200838.16,201468.05,201575.17,201179.77,200646.39,200757.12,201780.34
394549,95,"Durham, NC",msa,NC,263816.23,265030.19,266508.32,267968.65,268896.93,269317.86,270158.68,272179.82,,279637.38,283847.06,287762.26,291251.55,295058.95,299184.01,304056.19,309622.11,315867.46,322023.57,327112.63,331208.50,335208.51,339999.26,345369.42,352167.19,359968.41,369308.05,379109.54,388553.45,396349.02,400525.32,400929.31,398659.58,396054.03,393475.05,390763.87,387940.68,385860.51,385051.91,385641.05,387530.34,390485.93,393631.89,396466.08,398622.12,400304.29,401681.26,402405.43,402590.76,403187.88
394352,96,"Augusta, GA",msa,GA,155420.08,156438.66,157614.59,158727.23,159533.01,160088.63,160822.18,162138.44,164193.93,166594.81,169167.21,171465.22,173591.16,175662.73,177800.93,180072.26,182551.94,185320.69,187831.25,189617.44,190684.09,191864.85,193454.96,195301.73,198019.74,201468.94,205123.23,208543.53,211408.48,214328.54,216295.85,217482.52,217876.15,218287.99,218673.55,218911.53,218456.31,217991.48,218249.58,219506.50,221015.73,222140.76,222792.63,223436.99,223995.06,224522.28,224810.92,224866.92,224714.51,224838.85
394957,97,"Palm Bay, FL",msa,FL,224478.06,226100.57,227555.22,228779.25,229339.67,229771.97,230659.19,232375.51,235066.34,238164.50,241923.95,245776.05,249816.67,253695.37,257721.46,261856.74,266664.53,272265.87,277934.57,282795.40,286440.85,289919.55,293984.87,298651.82,304798.10,311899.30,320192.24,328976.85,337610.23,345412.58,350512.33,352901.81,353092.33,352741.72,352086.57,350743.17,348603.95,346620.52,345464.76,345361.44,345845.71,346993.78,348233.97,349608.41,350640.68,351598.04,352331.39,352964.70,353118.29,353322.43
394711,98,"Jackson, MS",msa,MS,144026.95,144418.40,145035.98,145668.69,145984.07,145862.18,146189.01,146969.43,148263.14,149514.80,151119.11,152831.73,154556.11,156232.55,157973.14,159896.65,161884.18,163881.44,165494.23,166636.73,167341.16,168372.47,170059.95,172049.93,174187.94,176009.80,177743.73,179322.51,180728.57,182469.06,184017.43,185157.10,185613.00,185686.20,185672.55,185393.87,184588.99,183631.84,183127.39,183836.80,185273.95,186679.50,187537.83,187982.58,188001.06,187652.54,186671.01,185875.89,185404.73,185338.07
394666,99,"Harrisburg, PA",msa,PA,196810.37,197553.37,198306.81,199354.56,199981.10,200498.75,201180.78,202486.15,204546.67,206994.86,209809.99,212313.90,214411.81,216361.91,218831.23,221506.79,224625.06,227726.10,229861.08,230561.89,229708.08,229477.13,229972.43,231573.61,234439.66,238405.86,243121.36,247448.79,251017.51,253876.11,255458.15,256003.55,255905.75,256189.61,256906.72,257671.05,258260.38,258912.02,260091.65,261985.97,264325.67,266813.08,268809.48,270546.19,271705.48,272378.03,272466.11,272640.41,273048.79,274217.19
395113,100,"Spokane, WA",msa,WA,269491.95,273496.49,278090.73,281564.23,284049.49,285748.26,287347.91,289881.26,293822.27,298784.69,304185.54,309603.58,314664.74,320960.67,328321.27,337266.39,346390.58,355419.19,363156.87,368510.19,371359.39,373112.44,375104.19,377973.59,382580.62,389010.77,397343.13,406193.25,413968.57,419419.37,420643.53,418107.57,413186.25,408997.96,405729.91,403078.20,399691.02,396946.92,395288.61,395268.92,396159.26,397419.43,398597.77,399634.19,400281.75,400487.32,400287.69,399796.38,399103.69,398826.45
